concept,query,supported,support_score,answer,judge_reason,top_sources
linear_systems,How do row operations solve a linear system?,1,1.0,"Row operations solve a linear system by transforming the system into an equivalent form that is easier to analyze. These operations include:

1. Swapping two equations.
2. Multiplying an equation by a nonzero scalar.
3. Adding a multiple of one equation to another.

These operations preserve the solution set of the original system. By applying these operations, the system can be reduced to an echelon form or reduced echelon form, which makes it straightforward to determine the solution, if it exists, or to identify the nature of the solution set (unique, infinite, or none). For example, by performing row operations, you can isolate variables and solve for them sequentially, as demonstrated in the example where the system is reduced to find the values of x, y, z, and w.","The provided context supports the answer by defining row operations (swapping, multiplying by a scalar, and row combination) and explaining how these operations can transform a linear system into an equivalent form that is easier to analyze. It also mentions the concept of echelon form and provides an example of solving a system through row operations.",slides_md/one/one_i_handout/one_i_handout.md|slides_md/one/one_i/one_i.md|slides_md/one/one_i_handout/one_i_handout.md|slides_md/one/one_i_allproofs/one_i_allproofs.md
linear_systems,Find a course explanation of linear systems for final review.,1,0.9,"A course explanation of linear systems for final review:

1. **Solution Sets**: Linear systems can be represented in different forms, such as echelon form. The solution set of an echelon form system can be described geometrically as the intersection of the solution sets of the equations represented by the rows of the system.

2. **Homogeneous Systems**: For any linear system, the associated homogeneous system (where the right-hand side is the zero vector) has the solution set as the null space of the coefficient matrix.

3. **Gauss-Jordan Reduction**: This method is used to solve linear systems by transforming the coefficient matrix into reduced row echelon form. This process can also be used to find the inverse of a matrix, which is useful for solving systems of equations.

4. **Determinants and Unique Solutions**: For an $n \times n$ matrix $A$ with a nonzero determinant, the linear system $A\vec{x} = \vec{b}$ has a unique solution. The solution can be found using the formula $x_i = |B_i|/|A|$, where $B_i$ is the matrix obtained by replacing the $i$-th column of $A$ with $\vec{b}$.

5. **Matrix Inverses**: The inverse of a matrix $A$, denoted as $A^{-1}$, can be used to solve linear systems $A\vec{x} = \vec{b}$ by multiplying both sides by $A^{-1}$, resulting in $\vec{x} = A^{-1}\vec{b}$.","The provided answer covers the main concepts of linear systems as described in the context. It includes solution sets, homogeneous systems, Gauss-Jordan reduction, determinants and unique solutions, and matrix inverses. The context provides examples and explanations that align with the points made in the answer. The score is 0.9 because while the answer is well-supported, it does not directly quote the context, which could be improved for a higher score.",flipped_md/inclass/linear-systems/inclass-describe/inclass-describe.md|slides_md/one/one_i_allproofs/one_i_allproofs.md|slides_md/four/four_ii_handout/four_ii_handout.md|slides_md/three/three_iv_handout/three_iv_handout.md
linear_systems,Which worked example or exam solution illustrates linear system?,1,1.0,"The example in slides_md/one/one_i/one_i.md illustrates a linear system. It presents a system of linear equations and shows how to solve for variables in terms of one another, demonstrating the process of solving a linear system.","The provided answer is directly supported by the context. The context from slides_md/one/one_i/one_i.md includes an example of a system of linear equations and demonstrates the process of solving for variables in terms of one another, which is a clear illustration of a linear system.",slides_md/one/one_i/one_i.md|slides_md/one/one_i_allproofs/one_i_allproofs.md|slides_md/one/one_i_handout/one_i_handout.md|slides_md/one/one_i/one_i.md
row_reduction,How do pivots and free variables appear in RREF?,1,1.0,"In Reduced Row Echelon Form (RREF), pivots and free variables appear as follows:

1. **Pivots**: Pivots are the leading (first non-zero) entries in each row of the matrix. They are the coefficients associated with the leading variables in the system of equations. In RREF, each pivot is to the right of the pivot in the row above it, ensuring that each leading variable is the only variable with a non-zero coefficient in its row.

2. **Free Variables**: Free variables are the variables that are not associated with a pivot in their respective rows. They can take on any value, and their values can be expressed in terms of the pivot variables. In the context of the retrieved information, free variables are those that can be expressed in terms of other variables (often called parameters) that are not leading variables. For instance, in the example given, \( y \) is a free variable expressed as \( y = z - w \), and \( x \) is a pivot variable expressed in terms of \( z \) as \( x = -2z \).

In summary, pivots are the coefficients of the leading variables, and free variables are the variables that can be expressed in terms of the pivot variables.","The answer correctly identifies pivots as the leading (first non-zero) entries in each row of the matrix and free variables as the variables not associated with a pivot. The context provided includes examples of free variables (y = z - w) and pivot variables (x = -2z) being expressed in terms of other variables, which supports the answer.",slides_md/one/one_i_allproofs/one_i_allproofs.md|slides_md/one/one_i_allproofs/one_i_allproofs.md|slides_md/one/one_i_allproofs/one_i_allproofs.md|slides_md/one/one_i/one_i.md
row_reduction,Find a course explanation of row reduction for final review.,1,1.0,"Row reduction is a process used to transform a matrix into a simpler form, typically reduced row echelon form (RREF), which makes it easier to solve systems of linear equations or determine properties of the matrix. It involves applying a series of elementary row operations, such as swapping rows, multiplying a row by a non-zero scalar, and adding a multiple of one row to another.

For example, consider the following matrix:
$$\begin{pmatrix} 1 & 2 & 3 \\ 0 & 1 & 2 \\ 0 & 0 & 0 \end{pmatrix}$$

By applying the following row operations:
1. Subtract 2 times the second column from the third column: $$\xrightarrow{-2\operatorname{col}_2 + \operatorname{col}_3}$$
2. Subtract 2 times the first column from the second column: $$\xrightarrow{-2\operatorname{col}_1 + \operatorname{col}_2}$$
3. Add the first column to the third column: $$\xrightarrow{\operatorname{col}_1 + \operatorname{col}_3}$$

The matrix is reduced to:
$$\begin{pmatrix} 1 & 0 & 0 \\ 0 & 1 & 0 \\ 0 & 0 & 0 \end{pmatrix}$$

This is the reduced row echelon form, where each leading entry (the leftmost non-zero entry in each row) is 1, and it is the only non-zero entry in its column. The sequence of row operations can be combined into a single matrix, Q, which represents the transformation applied to the original matrix.","The provided answer accurately describes row reduction, including the process of transforming a matrix into reduced row echelon form (RREF) and the types of elementary row operations involved. The example given in the answer matches the context provided, demonstrating the application of row operations to a matrix.",slides_md/three/three_v_allproofs/three_v_allproofs.md|mit_linear_algebra_md/spring2021/Final Solutions/Final Solutions.md|slides_md/one/one_iii/one_iii.md|slides_md/one/one_iii_allproofs/one_iii_allproofs.md
row_reduction,Which worked example or exam solution illustrates row reduction?,1,1.0,"The example that illustrates row reduction is found in slides_md/three/three_v_allproofs/three_v_allproofs.md. It shows the transformation of a matrix through a series of column operations to reach its reduced row echelon form, with the following sequence of steps:

$$\begin{pmatrix} 1 & 2 & 3 \\ 0 & 1 & 2 \\ 0 & 0 & 0 \end{pmatrix} \xrightarrow{-2\operatorname{col}_2 + \operatorname{col}_3} \xrightarrow{-2\operatorname{col}_1 + \operatorname{col}_2} \xrightarrow{\operatorname{col}_1 + \operatorname{col}_3} \begin{pmatrix} 1 & 0 & 0 \\ 0 & 1 & 0 \\ 0 & 0 & 0 \end{pmatrix}$$","The provided answer correctly identifies the example of row reduction in the context, which is found in slides_md/three/three_v_allproofs/three_v_allproofs.md. The description of the row reduction process matches the sequence of steps given in the context.",slides_md/one/one_iii/one_iii.md|slides_md/one/one_iii_handout/one_iii_handout.md|slides_md/three/three_v_allproofs/three_v_allproofs.md|mit_linear_algebra_md/spring2021/Final Solutions/Final Solutions.md
rank,How is rank read from a row-reduced matrix?,1,1.0,"To read the rank from a row-reduced matrix, count the number of leading entries (the first non-zero entries in each row). The rank is equal to this count, which also equals the number of nonzero rows. This is because the row rank is the dimension of the row space, and the leading entries define a basis for this space.","The answer provided is directly supported by the context. The context explains that the row rank equals the number of leading entries in the reduced echelon form, which is equivalent to the number of nonzero rows. This matches the answer's explanation of counting the number of leading entries to determine the rank, which is also the number of nonzero rows.",slides_md/two/two_iii_handout/two_iii_handout.md|slides_md/two/two_iii/two_iii.md|slides_md/two/two_iii_allproofs/two_iii_allproofs.md|mit_linear_algebra_md/fall2002/finalsol/finalsol.md
rank,Find a course explanation of rank for final review.,1,1.0,"The rank of a matrix is the maximum number of linearly independent rows or columns. It can be determined by bringing the matrix to reduced echelon form, where the rank is equal to the number of leading entries (nonzero entries in the first position of each row). The row rank and column rank are equal for any matrix. This equality is due to the fact that the set of columns containing leading entries forms a linearly independent set that spans the column space, and similarly, the set of rows containing leading entries forms a linearly independent set that spans the row space. Two matrices are equivalent if they have the same rank.","The provided answer accurately reflects the context given. The context discusses the row rank and column rank of a matrix being equal, which is achieved by bringing the matrix to reduced echelon form and counting the number of leading entries. The answer also explains that the rank of a matrix is the maximum number of linearly independent rows or columns, and it mentions the equivalence of matrices based on rank. All these points are supported by the context.",slides_md/two/two_iii_handout/two_iii_handout.md|slides_md/two/two_iii/two_iii.md|slides_md/two/two_iii_allproofs/two_iii_allproofs.md|slides_md/three/three_v/three_v.md
rank,Which worked example or exam solution illustrates rank?,1,1.0,"The example that illustrates rank is found in slides_md/two/two_iii_handout/two_iii_handout.md. The theorem states that for any matrix, the row rank and column rank are equal, and the proof involves bringing the matrix to reduced echelon form and counting the number of leading entries, which corresponds to the number of nonzero rows.","The retrieved context includes a theorem that states 'For any matrix, the row rank and column rank are equal' and provides a proof that involves bringing the matrix to reduced echelon form and counting the number of leading entries. This directly supports the answer provided.",mit_linear_algebra_md/fall2010/final-1806-f10-solution/final-1806-f10-solution.md|slides_md/two/two_iii_handout/two_iii_handout.md|mit_linear_algebra_md/fall2007/practicefinal-sol/practicefinal-sol.md|mit_linear_algebra_md/spring2022/finalsol/finalsol.md
nullspace,How is a basis for the nullspace computed?,1,1.0,"To compute a basis for the nullspace of a matrix \( X \), follow these steps:

1. Find a particular solution \( \boldsymbol{v}_{\text{particular}} \) to the equation \( X\boldsymbol{v} = \boldsymbol{0} \).
2. Determine a basis for the nullspace of \( X \) by finding vectors that are orthogonal to the column space of \( X \).
3. Express any general element in the nullspace as a linear combination of the basis vectors found in step 2.

For example, if you have already computed a basis for the nullspace of \( X \) as \( \boldsymbol{q}_3 \) and \( \boldsymbol{q}_4 \), then any vector \( \boldsymbol{w} \) in the nullspace can be written as \( \boldsymbol{w} = \alpha \boldsymbol{q}_3 + \beta \boldsymbol{q}_4 \), where \( \alpha \) and \( \beta \) are arbitrary constants.","The answer provided is directly supported by the context. The context mentions the computation of a basis for the nullspace of X, and provides an example with basis vectors q3 and q4. The answer outlines the steps to compute the basis for the nullspace, which aligns with the information given in the context.",mit_linear_algebra_md/spring2021/Final Solutions/Final Solutions.md|mit_linear_algebra_md/spring2019/finalsol/finalsol.md|mit_linear_algebra_md/spring2005/final-1806-S05/final-1806-S05.md|mit_linear_algebra_md/fall2010/final-1806-f10-solution/final-1806-f10-solution.md
nullspace,Find a course explanation of nullspace for final review.,1,1.0,"The nullspace of a matrix A, denoted as N(A), is the set of all vectors x in the vector space R^n such that Ax = 0. It is a linear subspace of R^n, and its dimension is called the nullity of A. The nullspace is closely related to the row space and column space of A, as together they span the entire space R^n. The nullspace of A is orthogonal to the column space of A, and the nullspace of the transpose of A (A^T) is the same as the nullspace of A.","The provided context includes multiple references to the null space of matrices, such as 'The nullspace of A T A matches that of A' and 'Give a basis for the nullspace N(M) of the matrix M = A^4 2A^2 8I'. Additionally, the answer itself provides a clear and concise definition of the null space of a matrix A, which is directly supported by the context.",mit_linear_algebra_md/fall2022/finalsol/finalsol.md|mit_linear_algebra_md/spring2021/Final Solutions/Final Solutions.md|mit_linear_algebra_md/fall2018/finalsol/finalsol.md|mit_linear_algebra_md/fall2006/final-sols-1806-F06/final-sols-1806-F06.md
nullspace,Which worked example or exam solution illustrates nullspace?,1,1.0,"The example that illustrates nullspace is found in [3] mit_linear_algebra_md/spring2022/finalsol/finalsol.md. Specifically, part (b) of the solution discusses solving for a basis of the nullspace N(A), which is an essential step in understanding the nullspace of a matrix.","The answer correctly identifies the example from [3] mit_linear_algebra_md/spring2022/finalsol/finalsol.md and specifically mentions part (b) of the solution, which discusses solving for a basis of the nullspace N(A). This is directly supported by the context provided.",mit_linear_algebra_md/fall2010/final-1806-f10-solution/final-1806-f10-solution.md|mit_linear_algebra_md/fall2018/finalsol/finalsol.md|mit_linear_algebra_md/spring2022/finalsol/finalsol.md|mit_linear_algebra_md/fall2007/practicefinal-sol/practicefinal-sol.md
column_space,How is the column space related to solvability of Ax=b?,1,0.8,"The column space of a matrix is related to the solvability of Ax=b in the following ways:

1. If the column space of matrix A is the entire vector space, then Ax=b has at least one solution for any vector b. This is because every vector b can be expressed as a linear combination of the columns of A.

2. If the column space of A is not the entire vector space, then Ax=b may or may not have a solution. If b is in the column space of A, then Ax=b has at least one solution. If b is not in the column space of A, then Ax=b has no solution.

3. The solution to Ax=b is unique if and only if the columns of A are linearly independent, which means the column rank of A is equal to the number of columns in A. If the columns are linearly dependent, the system may have infinitely many solutions or no solution at all, depending on whether b is in the column space.

4. The column rank of A, which is the dimension of the column space, is crucial in determining the solvability and uniqueness of the solution. If the column rank is less than the number of columns, the system may have no solution or infinitely many solutions. If the column rank equals the number of columns, the system has a unique solution if and only if b is in the column space of A.","The answer provides a comprehensive explanation of the relationship between the column space and the solvability of Ax=b. It touches on several key points that are supported by the context provided:

1. The answer correctly states that if the column space of matrix A is the entire vector space, then Ax=b has at least one solution for any vector b, which is supported by the context in [3] and [4].

2. It mentions that if the column space of A is not the entire vector space, then Ax=b may or may not have a solution, which is consistent with the context in [3] and [4].

3. The answer discusses the uniqueness of the solution and the relationship between linear independence of columns and the column rank, which is supported by the context in [2].

4. The explanation of the column rank's role in determining the solvability and uniqueness of the solution is consistent with the context in [3] and [4].

However, the answer does not explicitly mention the full column rank condition, which is mentioned in [1] and [2], but this does not significantly affect the overall support for the answer.",mit_linear_algebra_md/fall2007/practicefinal-sol/practicefinal-sol.md|mit_linear_algebra_md/fall2006/final-sols-1806-F06/final-sols-1806-F06.md|slides_md/two/two_iii/two_iii.md|slides_md/two/two_iii_allproofs/two_iii_allproofs.md
column_space,Find a course explanation of column space for final review.,1,1.0,"The column space of a matrix is the span of the set of its columns, which is the set of all possible linear combinations of the columns. The column rank is the dimension of the column space, representing the number of linearly independent columns.","The provided answer directly corresponds to the definition given in the context, which states that 'The column space of a matrix is the span of the set of its columns. The column rank is the dimension of the column space, the number of linearly independent columns.'",slides_md/two/two_iii/two_iii.md|slides_md/two/two_iii_allproofs/two_iii_allproofs.md|mit_linear_algebra_md/spring2004/final_1806_S04/final_1806_S04.md|mit_linear_algebra_md/spring2004/final_sol_1806_S04/final_sol_1806_S04.md
column_space,Which worked example or exam solution illustrates column space?,1,1.0,The example that illustrates column space is found in [3] mit_linear_algebra_md/spring2004/final_1806_S04/final_1806_S04.md. It describes the column space C(A) of a matrix A in two ways: (1) giving a basis for C(A) and (2) finding all vectors perpendicular to C(A).,"The answer correctly identifies the example that illustrates column space as found in [3] mit_linear_algebra_md/spring2004/final_1806_S04/final_1806_S04.md. It accurately describes the content of the example, which includes describing the column space C(A) of a matrix A in two ways: giving a basis for C(A) and finding all vectors perpendicular to C(A). The context provided supports this answer fully.",slides_md/two/two_iii/two_iii.md|slides_md/two/two_iii_allproofs/two_iii_allproofs.md|mit_linear_algebra_md/spring2004/final_1806_S04/final_1806_S04.md|slides_md/two/two_iii_handout/two_iii_handout.md
basis_dimension,How do basis and dimension describe a vector space?,1,1.0,"A basis for a vector space is a set of vectors that are linearly independent and span the entire space. The dimension of a vector space is the number of vectors in any of its bases. It represents the maximum number of linearly independent vectors that can exist in the space. For instance, $\mathbb{R}^n$ has dimension $n$ because its standard basis $\mathcal{E}_n$ contains $n$ vectors, and $\mathcal{P}_2$ has dimension 3 because a basis like $\langle 1, x, x^2 \rangle$ has 3 vectors.","The provided context includes a definition of the dimension of a vector space, which is the number of vectors in any of its bases. It also provides examples of vector spaces with their dimensions, such as $\mathbb{R}^n$ and $\mathcal{P}_2$. The answer correctly defines both the basis and the dimension of a vector space and uses the examples from the context to illustrate the concept.",slides_md/two/two_iii/two_iii.md|slides_md/two/two_iii_allproofs/two_iii_allproofs.md|slides_md/two/two_iii_handout/two_iii_handout.md|slides_md/two/two_iii/two_iii.md
basis_dimension,Find a course explanation of basis and dimension for final review.,1,0.8,"A basis for a vector space is a set of vectors that are linearly independent and span the entire space. The dimension of a vector space is the number of vectors in any basis for that space. In the context provided:

- The set B is a basis for a vector space because it consists of two linearly independent vectors that span the space, and the dimension is 2.
- The nullity is the dimension of the null space, and the rank is the dimension of the range space. For a 3-dimensional space, the nullity and rank add up to the dimension of the domain.
- The rank of a matrix H represents the dimension of the range space of the linear map h represented by H. If the rank equals the number of rows, the map is onto; if it equals the number of columns, the map is one-to-one.","The answer correctly defines a basis and dimension of a vector space, and provides examples from the context that support the explanation. The context mentions a set B being a basis with dimension 2, which aligns with the answer. Additionally, the answer includes information about nullity and rank, which are also mentioned in the context. However, the answer does not directly quote the context, which could slightly reduce the score.",flipped_md/inclass/vector-spaces/Two-III-2b/Two-III-2b.md|mit_linear_algebra_md/fall2007/practicefinal-sol/practicefinal-sol.md|flipped_md/inclass/map/Three-IIc/Three-IIc.md|slides_md/three/three_iii_allproofs/three_iii_allproofs.md
basis_dimension,Which worked example or exam solution illustrates basis?,1,1.0,"The example that illustrates basis is found in [1] mit_linear_algebra_md/fall2010/final-1806-f10-solution/final-1806-f10-solution.md. It discusses finding a basis for the four fundamental subspaces using the Singular Value Decomposition (SVD) of matrix A, and also mentions projection matrices onto specific lines, which are related to finding bases for subspaces.","The retrieved context [1] directly mentions the process of finding a basis for the four fundamental subspaces using the Singular Value Decomposition (SVD) of matrix A, which is the same as the method described in the answer. Additionally, it discusses projection matrices onto specific lines, which are related to finding bases for subspaces, as mentioned in the answer.",mit_linear_algebra_md/fall2010/final-1806-f10-solution/final-1806-f10-solution.md|mit_linear_algebra_md/fall2007/practicefinal-sol/practicefinal-sol.md|mit_linear_algebra_md/fall2018/finalsol/finalsol.md|mit_linear_algebra_md/spring2022/finalsol/finalsol.md
linear_maps,How is a linear map represented by a matrix?,1,1.0,"A linear map is represented by a square matrix if it is nonsingular, meaning it is one-to-one and onto (an isomorphism). A square matrix represents a nonsingular map if and only if it is itself nonsingular. Thus, a matrix represents an isomorphism if it is square and nonsingular.","The answer is directly supported by the context provided. The context states that a nonsingular linear map is represented by a square matrix, and that a square matrix represents a nonsingular map if and only if it is nonsingular. This aligns with the answer provided, which states that a linear map is represented by a square matrix if it is nonsingular, and that a matrix represents an isomorphism if it is square and nonsingular.",slides_md/three/three_iii/three_iii.md|slides_md/three/three_iii_allproofs/three_iii_allproofs.md|slides_md/three/three_iii/three_iii.md|slides_md/three/three_iii_allproofs/three_iii_allproofs.md
linear_maps,Find a course explanation of linear maps for final review.,1,1.0,"A linear map, also known as a linear transformation, is a function between two vector spaces that preserves the operations of vector addition and scalar multiplication. In the context of linear algebra, a linear map can be represented by a matrix when the vector spaces are finite-dimensional.

For example, consider the derivative map $d/dx: \mathcal{P}_4 \to \mathcal{P}_4$, which maps polynomials of degree 4 to polynomials of degree 3. This map is linear because it satisfies the properties of linearity: for any polynomials $p(x)$ and $q(x)$ in $\mathcal{P}_4$ and any scalar $\alpha$, the derivative of the sum $p(x) + q(x)$ is equal to the sum of the derivatives, and the derivative of the scalar multiple $\alpha p(x)$ is equal to $\alpha$ times the derivative of $p(x)$. The range of this derivative map is $\mathcal{R}(d/dx) = \mathcal{P}_3$, which is the set of all polynomials of degree 3.

The rank of a linear map is the dimension of its range. For the derivative map, the rank is the dimension of $\mathcal{P}_3$, which is 4. This means that the derivative map maps $\mathcal{P}_4$ onto a subspace of dimension 4.

Another example is the linear map $\pi: \mathbb{R}^3 \to \mathbb{R}^2$ defined by $\pi\begin{pmatrix} x \\ y \\ z \end{pmatrix} = \begin{pmatrix} x \\ y \end{pmatrix}$. This map is linear because it preserves vector addition and scalar multiplication. The range of $\pi$ is $\mathbb{R}^2$, and the check for linearity is routine.

In summary, a linear map is a function that preserves the structure of vector spaces, and it can be represented by a matrix when the vector spaces are finite-dimensional. The rank of a linear map is the dimension of its range, and it provides information about the ""size"" of the transformation.","The context provided includes a clear explanation of linear maps, including examples and properties such as the derivative map and the preservation of vector addition and scalar multiplication. The explanation also covers the concept of the rank of a linear map and its relation to the dimension of the range.",slides_md/three/three_ii/three_ii.md|slides_md/three/three_ii_handout/three_ii_handout.md|mit_linear_algebra_md/spring2019/finalsol/finalsol.md|mit_linear_algebra_md/spring2019/final/final.md
linear_maps,Which worked example or exam solution illustrates linear map?,1,1.0,"The example that illustrates a linear map is found in [3] slides_md/three/three_ii/three_ii.md, where it is stated that for any vector space V, the identity map id: $V \to V$ given by $\vec{v} \mapsto \vec{v}$ is a linear transformation. This is a clear example of a linear map, as it is a linear transformation from a space into itself.","The retrieved context [3] slides_md/three/three_ii/three_ii.md provides a clear example of a linear map, which is the identity map id: $V \to V$ given by $\vec{v} \mapsto \vec{v}$. This matches the answer provided, which states that the example is found in the same context and describes the identity map as a linear transformation.",slides_md/three/three_iii/three_iii.md|slides_md/three/three_iii_allproofs/three_iii_allproofs.md|slides_md/three/three_ii/three_ii.md|slides_md/three/three_iii/three_iii.md
change_of_basis,What does a change-of-basis matrix do?,1,1.0,"A change-of-basis matrix represents the identity map between two bases $B$ and $D$ of a vector space $V$. It allows you to convert the representation of a vector from one basis to another. Specifically, if $\mathsf{Rep}_B(\vec{\nu})$ is the representation of a vector $\vec{\nu}$ with respect to basis $B$, then the change-of-basis matrix $\mathsf{Rep}_{B,D}(\mathsf{id})$ can be used to find its representation $\mathsf{Rep}_D(\vec{\nu})$ with respect to basis $D$ through the equation $\mathsf{Rep}_{B,D}(\mathsf{id})\,\mathsf{Rep}_B(\vec{\nu}) = \mathsf{Rep}_D(\vec{\nu})$.","The provided answer accurately describes the function of a change-of-basis matrix, which is supported by the context given. The context defines the change-of-basis matrix as the representation of the identity map between two bases $B$ and $D$ of a vector space $V$, and it also mentions the process of converting the representation of a vector from one basis to another using the change-of-basis matrix.",slides_md/three/three_v/three_v.md|slides_md/three/three_v_allproofs/three_v_allproofs.md|flipped_md/inclass/map/Three-V/Three-V.md|slides_md/three/three_v_handout/three_v_handout.md
change_of_basis,Find a course explanation of change of basis for final review.,1,1.0,"The change of basis matrix for bases $B, D \subset V$ represents the identity map $id: V \to V$ with respect to those bases. It is given by the matrix whose columns are the coordinate vectors of the basis vectors of $D$ with respect to $B$. To convert the representation of a vector $\vec{v}$ with respect to $B$ to its representation with respect to $D$, multiply the change of basis matrix by the coordinate vector of $\vec{v}$ with respect to $B$.","The provided answer accurately reflects the definition and usage of the change of basis matrix as described in the context. It states that the change of basis matrix represents the identity map with respect to the bases $B$ and $D$, and provides the correct method for converting the representation of a vector from one basis to another using the change of basis matrix.",slides_md/three/three_v/three_v.md|flipped_md/inclass/map/Three-V/Three-V.md|slides_md/three/three_v_allproofs/three_v_allproofs.md|slides_md/three/three_v_handout/three_v_handout.md
change_of_basis,Which worked example or exam solution illustrates change of basis?,1,1.0,The example in [2] illustrates change of basis. It provides the bases $B$ and $D$ and shows how to express vectors from one basis in terms of the other using the change of basis matrix.,"The answer is directly supported by the context provided. The context in [2] gives the bases $B$ and $D$ and demonstrates the conversion of vectors from one basis to another using the change of basis matrix, which is exactly what the answer describes.",slides_md/three/three_v/three_v.md|flipped_md/inclass/map/Three-V/Three-V.md|slides_md/three/three_v_allproofs/three_v_allproofs.md|slides_md/three/three_v_handout/three_v_handout.md
determinants,How do row operations affect the determinant?,1,0.9,"Row operations can affect the determinant of a matrix as follows:

1. Swapping two rows: The determinant changes sign.
2. Multiplying a row by a non-zero scalar: The determinant is multiplied by the same scalar.
3. Adding a multiple of one row to another: The determinant remains unchanged.

These operations are valid because they correspond to elementary row operations, which preserve the row space of the matrix. However, if a row operation results in two identical rows or a zero row, the determinant becomes zero. The determinant of an echelon form matrix is the product of its diagonal entries, which can be simplified using row operations to make the determinant calculation easier.","The answer provided is well-supported by the context. The context mentions the effect of row operations on the determinant, including the sign change when swapping rows, the multiplication of the determinant by a scalar when multiplying a row by a non-zero scalar, and the preservation of the determinant when adding a multiple of one row to another. Additionally, the context discusses the determinant of an echelon form matrix and how row operations can simplify the determinant calculation. The only minor discrepancy is that the answer does not explicitly mention the determinant becoming zero when a row operation results in two identical rows or a zero row, but this is implied by the context.",mit_linear_algebra_md/spring2007/final/final.md|slides_md/four/four_i_handout/four_i_handout.md|slides_md/four/four_i/four_i.md|slides_md/four/four_i_allproofs/four_i_allproofs.md
determinants,Find a course explanation of determinants for final review.,1,1.0,"Determinants are a fundamental concept in linear algebra that measure the ""volume"" of the parallelepiped formed by the column vectors of a matrix. They are scalar values that can be calculated from the elements of a square matrix and have several important properties:

1. The determinant of a matrix is zero if and only if the matrix is singular, meaning it does not have an inverse.
2. The determinant of a matrix is equal to the product of its eigenvalues.
3. The determinant of a matrix is preserved under row and column operations, except for operations that scale a row or column by a scalar, which multiply the determinant by that scalar.
4. The determinant of a matrix is equal to the determinant of its transpose.
5. The determinant of a product of matrices is equal to the product of their determinants.

In the context of the retrieved material, determinants are used to find the volume of the image of a geometric shape under a linear transformation. For example, the determinant of a matrix A that transforms a five-dimensional unit cube into a parallelepiped gives the unsigned volume of the resulting shape. This is because the determinant of A is the scalar factor by which the volume of the unit cube is scaled by the linear transformation.","The provided answer accurately explains the concept of determinants as a measure of the volume of the parallelepiped formed by the column vectors of a matrix. It also correctly states several properties of determinants and their relationship with eigenvalues and linear transformations. The context retrieved includes references to determinants being used to find the volume of the image of a geometric shape under a linear transformation, which is directly supported by the answer.",mit_linear_algebra_md/spring2019/finalsol/finalsol.md|mit_linear_algebra_md/spring2019/final/final.md|mit_linear_algebra_md/fall2006/final-sols-1806-F06/final-sols-1806-F06.md|mit_linear_algebra_md/fall2017/final-sol/final-sol.md
determinants,Which worked example or exam solution illustrates determinant?,0,0.0,"The retrieved context does not provide a worked example or exam solution that directly illustrates the calculation of a determinant. It includes lemmas and statements about determinants, such as the determinant of a matrix with identical rows or zero rows being zero, and the determinant of a nonsingular matrix being nonzero. However, it does not include a step-by-step worked example of how to calculate the determinant of a specific matrix.","The retrieved context does not provide a worked example or exam solution that directly illustrates the calculation of a determinant. It includes lemmas and statements about determinants, but lacks a step-by-step example.",slides_md/four/four_i_handout/four_i_handout.md|slides_md/four/four_i/four_i.md|slides_md/four/four_i_allproofs/four_i_allproofs.md|slides_md/four/four_i/four_i.md
eigenvalues,How are eigenvalues found from the characteristic polynomial?,1,0.75,"To find eigenvalues from the characteristic polynomial, follow these steps:

1. Compute the characteristic polynomial of the square matrix \( T \) by taking the determinant of \( T - xI \), where \( x \) is a variable and \( I \) is the identity matrix.
2. Set the characteristic polynomial equal to zero, forming the characteristic equation \( |T - xI| = 0 \).
3. Solve the characteristic equation for \( x \). The solutions are the eigenvalues of the matrix \( T \). Over the complex numbers, any polynomial of degree one or greater has at least one root, which corresponds to an eigenvalue.",,slides_md/five/five_ii/five_ii.md|slides_md/five/five_ii_allproofs/five_ii_allproofs.md|slides_md/five/five_ii/five_ii.md|slides_md/five/five_ii_allproofs/five_ii_allproofs.md
eigenvalues,Find a course explanation of eigenvalues and eigenvectors for final review.,1,1.0,"Eigenvalues and eigenvectors are fundamental concepts in linear algebra. An eigenvector of a matrix A is a non-zero vector v such that when A is multiplied by v, the result is a scalar multiple of v. This scalar is called the eigenvalue associated with the eigenvector.

Here are some key points about eigenvalues and eigenvectors:

1. **Eigenvalue and Eigenvector Definition**: If A is a matrix and λ is a scalar, then v is an eigenvector of A with eigenvalue λ if Av = λv.

2. **Eigenvalues and Characteristic Polynomial**: The eigenvalues of a matrix are the roots of its characteristic polynomial, which is given by det(A - λI) = 0, where I is the identity matrix.

3. **Geometric Interpretation**: Eigenvalues represent scaling factors of eigenvectors. When a linear transformation is applied to an eigenvector, the eigenvector is scaled by the corresponding eigenvalue without changing its direction.

4. **Orthogonal Eigenvectors**: For symmetric matrices, eigenvectors corresponding to different eigenvalues are orthogonal to each other.

5. **Repeated Eigenvalues**: If an eigenvalue has a multiplicity greater than 1, it may have fewer linearly independent eigenvectors than its multiplicity.

6. **Applications**: Eigenvalues and eigenvectors are used in various fields, including physics, engineering, computer science, and economics, for problems involving stability, vibration analysis, and principal component analysis.

In summary, eigenvalues and eigenvectors are crucial in understanding the structure and properties of matrices, and they play a significant role in solving systems of linear equations and analyzing linear transformations.","The provided answer gives a comprehensive explanation of eigenvalues and eigenvectors, including their definitions, geometric interpretation, and applications. The context retrieved includes various statements about eigenvalues and eigenvectors, such as their range, properties, and examples, which support the accuracy and completeness of the answer.",mit_linear_algebra_md/fall2007/practicefinal-sol/practicefinal-sol.md|mit_linear_algebra_md/fall1999/final-solu-fall-99/final-solu-fall-99.md|mit_linear_algebra_md/fall2007/practicefinal-sol/practicefinal-sol.md|mit_linear_algebra_md/spring2005/final-sol-1806-S05/final-sol-1806-S05.md
eigenvalues,Which worked example or exam solution illustrates eigenvalue?,1,1.0,"The example that illustrates eigenvalue is found in [1] mit_linear_algebra_md/fall2010/final-1806-f10-solution/final-1806-f10-solution.md. It discusses the eigenvalues of projection matrices, specifically noting that the eigenvalues of a projection matrix are 1 and 0.","The provided answer is directly supported by the context. The context [1] mentions the eigenvalues of projection matrices and states that the eigenvalues of a projection matrix are 1 and 0, which is exactly what the answer claims.",mit_linear_algebra_md/fall2010/final-1806-f10-solution/final-1806-f10-solution.md|mit_linear_algebra_md/fall2007/practicefinal-sol/practicefinal-sol.md|mit_linear_algebra_md/spring2022/finalsol/finalsol.md|mit_linear_algebra_md/spring2014/Final_s14_sol/Final_s14_sol.md
diagonalization,When is a matrix diagonalizable?,1,0.9,"A matrix is diagonalizable if it has a complete set of linearly independent eigenvectors. Over $\mathbf{R}$, a matrix is diagonalizable if its characteristic polynomial has distinct real eigenvalues. Over $\mathbf{C}$, a matrix is diagonalizable if its characteristic polynomial has distinct eigenvalues, regardless of whether they are real or complex. The companion matrix of the given matrix has distinct eigenvalues, so it is diagonalizable over $\mathbf{C}$.","The answer correctly states the conditions for a matrix to be diagonalizable over both the real and complex fields. It references the characteristic polynomial and distinct eigenvalues, which are discussed in the context provided. The context includes the characteristic polynomial of the given matrix and its companion matrix, which supports the conclusion about diagonalizability over the complex field. The real field part of the answer is not directly supported by the context, but it is a standard result in linear algebra, so it is generally accepted.",mit_linear_algebra_md/spring2016/final/final.md|mit_linear_algebra_md/spring2016/final_solns/final_solns.md|slides_md/five/five_ii/five_ii.md|slides_md/five/five_ii_allproofs/five_ii_allproofs.md
diagonalization,Find a course explanation of diagonalization for final review.,1,0.75,"Diagonalization is a process in linear algebra where a matrix \( A \) is expressed as a product \( A = X\Lambda X^{-1} \), where \( X \) is a matrix whose columns are eigenvectors of \( A \), and \( \Lambda \) is a diagonal matrix whose entries are the corresponding eigenvalues. This process is particularly useful because it simplifies the computation of matrix powers and solving systems of linear differential equations.",,mit_linear_algebra_md/fall2007/practicefinal-sol/practicefinal-sol.md|mit_linear_algebra_md/fall2018/finalsol/finalsol.md|mit_linear_algebra_md/fall2018/final/final.md|mit_linear_algebra_md/spring2022/finalsol/finalsol.md
diagonalization,Which worked example or exam solution illustrates diagonalize?,1,1.0,The example that illustrates diagonalization is found in [2] mit_linear_algebra_md/spring2014/Final_s14_sol/Final_s14_sol.md. The solution discusses the diagonalization of matrix $B$ and its relation to the diagonal matrix $4I - B$.,"The answer correctly identifies the specific document [2] mit_linear_algebra_md/spring2014/Final_s14_sol/Final_s14_sol.md as the source that illustrates diagonalization. The context provided includes a solution that discusses the diagonalization of matrix $B$ and its relation to the diagonal matrix $4I - B$, which directly supports the answer.",mit_linear_algebra_md/fall2007/practicefinal-sol/practicefinal-sol.md|mit_linear_algebra_md/spring2014/Final_s14_sol/Final_s14_sol.md|mit_linear_algebra_md/fall2019/Final Solutions/Final Solutions.md|mit_linear_algebra_md/spring2021/Final Solutions/Final Solutions.md
orthogonality,How does Gram-Schmidt construct an orthonormal basis?,1,1.0,"Gram-Schmidt constructs an orthonormal basis by following these steps:

1. Start with a set of linearly independent vectors.
2. Take the first vector and normalize it to have unit length.
3. For each subsequent vector, subtract its projection onto the subspace spanned by the previously normalized vectors.
4. Normalize the resulting vector to have unit length.
5. Repeat steps 3 and 4 for each vector in the original set.

The process can be represented as a sequence of matrix multiplications with invertible matrices, which relate to the QR factorization of the original matrix.","The context provided directly quotes the steps of the Gram-Schmidt process, which are: 1. Start with a set of linearly independent vectors. 2. Take the first vector and normalize it to have unit length. 3. For each subsequent vector, subtract its projection onto the subspace spanned by the previously normalized vectors. 4. Normalize the resulting vector to have unit length. 5. Repeat steps 3 and 4 for each vector in the original set. The process is also mentioned to be represented as a sequence of matrix multiplications with invertible matrices, which relate to the QR factorization of the original matrix.",mit_linear_algebra_md/spring2009/final-s09/final-s09.md|mit_linear_algebra_md/spring2004/final_1806_S04/final_1806_S04.md|mit_linear_algebra_md/spring2009/final-s09-soln/final-s09-soln.md|mit_linear_algebra_md/spring2004/final_sol_1806_S04/final_sol_1806_S04.md
orthogonality,Find a course explanation of orthogonality for final review.,1,1.0,"Orthogonality in linear algebra refers to the property of vectors or subspaces that are perpendicular to each other. For two vectors, orthogonality is defined by their inner product (or dot product) being zero. Specifically, if $u$ and $v$ are vectors in an inner product space, $u$ is orthogonal to $v$ if $u^T v = 0$, where $u^T$ denotes the transpose of $u$. This condition implies that the vectors are at a 90-degree angle to each other in the geometric sense.

In the context of matrices, a matrix $A$ is orthogonal if its columns (or rows) form an orthonormal set. This means that each column (or row) has a length of 1 (i.e., the norm of the vector is 1) and is orthogonal to every other column (or row). For an orthogonal matrix, the inner product of any two distinct columns (or rows) is zero, and the product of the matrix with its transpose is the identity matrix, $AA^T = I$.","The context provided includes a direct explanation of orthogonality in linear algebra, which is relevant to the question about finding a course explanation of orthogonality for final review. The explanation defines orthogonality for vectors and matrices, which is the information requested.",mit_linear_algebra_md/spring2019/finalsol/finalsol.md|mit_linear_algebra_md/spring2019/final/final.md|mit_linear_algebra_md/fall2019/Final Solutions/Final Solutions.md|mit_linear_algebra_md/spring2004/final_sol_1806_S04/final_sol_1806_S04.md
orthogonality,Which worked example or exam solution illustrates orthogonal?,1,1.0,"The example that illustrates orthogonal is found in the context of projecting a vector $\vec{v}$ into the line spanned by $\vec{s}$, which decomposes $\vec{v}$ into two parts: one part along the line and another part orthogonal to it. This concept is discussed in the following documents:

- slides_md/three/three_vi_handout/three_vi_handout.md
- slides_md/three/three_vi/three_vi.md
- slides_md/three/three_vi_allproofs/three_vi_allproofs.md

These documents explain how orthogonal projections can be used to separate a vector into components that are either in the direction of a given line or orthogonal to it.","The answer is directly supported by the context provided. The context mentions that projecting a vector $\vec{v}$ into the line spanned by $\vec{s}$ decomposes $\vec{v}$ into two parts, one part along the line and another part orthogonal to it. This matches the description given in the answer, and the answer correctly identifies the documents where this concept is discussed.",slides_md/three/three_vi_handout/three_vi_handout.md|slides_md/three/three_vi/three_vi.md|slides_md/three/three_vi_allproofs/three_vi_allproofs.md|mit_linear_algebra_md/fall2017/final-sol/final-sol.md
projection,How is an orthogonal projection computed?,1,1.0,"An orthogonal projection onto a subspace S can be computed using the formula $P = I - \frac{vv^T}{v^Tv}$, where $v$ is a unit vector in the direction of the subspace. This formula is derived from the fact that the orthogonal complement of the nullspace $N(A)$ is the rowspace $C(A^T)$, and $I - P$ is the orthogonal projection onto $S^{\perp}$. The matrix $P$ projects any vector onto the subspace S, while the vector $v$ must be chosen such that it spans the subspace.","The answer provided is directly supported by the context retrieved. The context from [1] mentions the formula for the orthogonal projection onto $C(A^T)$ as $I - rac{vv^T}{v^Tv}$, which is the same as the formula given in the answer. Additionally, the answer explains that the formula is derived from the orthogonal complement of the nullspace $N(A)$ being the rowspace $C(A^T)$, which is also mentioned in the context.",mit_linear_algebra_md/fall2017/final-sol/final-sol.md|mit_linear_algebra_md/spring2022/finalsol/finalsol.md|mit_linear_algebra_md/spring2007/final/final.md|mit_linear_algebra_md/fall2017/final-sol/final-sol.md
projection,Find a course explanation of projection for final review.,1,1.0,"Projection in linear algebra refers to the process of mapping a vector onto a subspace. For a projection matrix \( P \) onto a line \( L \), the following points are relevant for final review:

1. **Eigenvalues of \( P \)**: Since \( P \) is a projection matrix onto a subspace of dimension 1 (the line \( L \)), its eigenvalues are 1 (with multiplicity 1) and 0 (with multiplicity \( n-1 \), where \( n \) is the dimension of the vector space).

2. **Orthonormal Basis of \( L^{\perp} \)**: To find an orthonormal basis for the orthogonal complement \( L^{\perp} \) of the line \( L \), you would typically find vectors orthogonal to the direction vector of \( L \) and then orthogonalize them using the Gram-Schmidt process.

3. **Projection of a Vector onto \( L \)**: To calculate the projection of a vector \( \mathbf{v} \) onto the line \( L \), you would use the projection matrix \( P \) as \( P\mathbf{v} \).

4. **Projection of a Vector onto \( L^{\perp} \)**: To find the projection of \( \mathbf{v} \) onto \( L^{\perp} \), you would use \( I - P \), where \( I \) is the identity matrix, as \( (I - P)\mathbf{v} \).

These concepts are fundamental to understanding projections in linear algebra, particularly in the context of orthogonal projections and their properties.","The provided answer accurately reflects the concepts of projection in linear algebra, including the eigenvalues of a projection matrix, the orthonormal basis of the orthogonal complement, and the projections of vectors onto a line and its orthogonal complement. The context provided includes information about projection matrices, eigenvalues, and orthogonal projections, which directly supports the answer given.",mit_linear_algebra_md/spring2007/final/final.md|mit_linear_algebra_md/spring2008/final-1806-S08-soln/final-1806-S08-soln.md|mit_linear_algebra_md/fall2017/final-sol/final-sol.md|mit_linear_algebra_md/spring2022/finalsol/finalsol.md
projection,Which worked example or exam solution illustrates projection?,1,1.0,"The example that illustrates projection is found in [1] and [2]. In [1], the projection matrices $P_1$ and $P_2$ are explicitly mentioned as projections onto lines, and it is noted that the eigenvalues of a projection matrix are 1 and 0. In [2], the projection matrix $P$ is discussed, and it is stated that $P$ is a projection matrix onto a subspace of dimension 1, with eigenvalues 1 and 0. Additionally, the projection of a vector onto the line $L$ and its orthogonal complement $L^{\perp}$ is calculated, which directly involves projection concepts.","The answer is supported by the retrieved context. In [1], the projection matrices $P_1$ and $P_2$ are explicitly mentioned as projections onto lines, and the eigenvalues of a projection matrix are discussed. In [2], the projection matrix $P$ is discussed, and the eigenvalues are stated as 1 and 0. The answer also references the calculation of projections in [2], which directly involves projection concepts.",mit_linear_algebra_md/fall2010/final-1806-f10-solution/final-1806-f10-solution.md|mit_linear_algebra_md/spring2007/final/final.md|mit_linear_algebra_md/fall2017/final-sol/final-sol.md|mit_linear_algebra_md/spring2022/finalsol/finalsol.md
least_squares,How are least-squares problems solved?,1,1.0,"Least-squares problems are solved by finding the vector $x$ that minimizes the Euclidean norm of the residual vector $b - Ax$, where $A$ is a matrix and $b$ is a vector. This is typically done by solving the normal equations $A^T A x = A^T b$. The solution can also be found using the QR factorization of $A$, as shown in the context where $A = QR$ and $\det A = \det Q \det R$.","The answer provided is supported by the context retrieved. The context from [3] directly mentions the least squares solution, and the explanation in the answer aligns with the concept of solving least squares problems by minimizing the Euclidean norm of the residual vector and using the normal equations or QR factorization.",mit_linear_algebra_md/spring2019/final/final.md|mit_linear_algebra_md/spring2019/finalsol/finalsol.md|mit_linear_algebra_md/1995n1993没找到答案/final-95/final-95.md|mit_linear_algebra_md/spring2008/final-1806-S08/final-1806-S08.md
